<?xml version="1.0" encoding="UTF-8" standalone="yes"?>
<addon id="repository.dk" name="Dark Carnival Returns" version="1.0.18" provider-name="The Ringmaster">
	<extension point="xbmc.addon.repository" name="Dark Carnival REPO">
		<dir>
			<info compressed="false">https://raw.githubusercontent.com/hydem98/addons/master/zips/addons.xml</info>
			<checksum>https://raw.githubusercontent.com/hydem98/addons/master/zips/addons.xml.md5</checksum>
			<datadir zip="true">https://raw.githubusercontent.com/hydem98/addons/master/zips/</datadir>
		</dir>
		<dir>
			<info compressed="false">https://raw.githubusercontent.com/a4k-openproject/repository.openscrapers/master/zips/addons.xml</info>
			<checksum>https://raw.githubusercontent.com/a4k-openproject/repository.openscrapers/master/zips/addons.xml.md5</checksum>
			<datadir zip="true">https://raw.githubusercontent.com/a4k-openproject/repository.openscrapers/master/zips/</datadir>
		</dir>
		<dir>
            <info compressed="false">https://raw.githubusercontent.com/teamuniversal/scrapers/master/_modules4all/zips/addons.xml</info>
            <checksum>https://raw.githubusercontent.com/teamuniversal/scrapers/master/_modules4all/zips/addons.xml.md5</checksum>
            <datadir zip="true">https://raw.githubusercontent.com/teamuniversal/scrapers/master/_modules4all/zips/</datadir>
        </dir>
		<dir>
                <info compressed="false">https://raw.githubusercontent.com/Guilouz/repository.guilouz/master/_repo/addons.xml</info>
                <checksum>https://raw.githubusercontent.com/Guilouz/repository.guilouz/master/_repo/addons.xml.md5</checksum>
                <datadir zip="true">https://github.com/Guilouz/repository.guilouz/raw/master/_repo</datadir>
        </dir>
	</extension>
	<extension point="xbmc.addon.metadata">
		<summary lang="en">Welcome To The Dark Carnival </summary>
		<description lang="en">Dark Carnival Repo</description>
		<genre></genre>
    <assets>
        <icon>icon.png</icon>
        <fanart>fanart.jpg</fanart>
        <banner></banner>
        <clearlogo></clearlogo>
        <screenshot></screenshot>
    </assets>
	</extension>
</addon>
